order,id,session,session_type,convention,passed,answer
1,s0_q1,0,baseline,test_naming,False,"Based on conventional wisdom in Python testing, it's common to follow these naming conventions:  - The filename for the test suite should be `test_discounts.py`. - The file should contain tests specif"
2,s0_q2,0,baseline,error_handling,False,"**Invalid Discount Code Function** ====================================  The following Python function checks if a given discount code is valid. If the code is invalid, it raises a `ValueError` except"
3,s0_q3,0,baseline,docstring,True,"Here's the docstring for the `apply_discount` function:  ```python def apply_discount(order, discount_percentage):     """"""     Applies a discount to an order based on the provided percentage.      Arg"
4,s0_q4,0,baseline,imports,True,Here is the import section for the specified requirements:  ```python import datetime import requests from .discounts import DiscountsModule  # Note: The dot (.) notation indicates it's an internal im
5,s0_q5,0,baseline,logging,False,"To log an info message inside a new function in the discounts module, you can use Python's built-in `logging` module.   Firstly, ensure that logging is configured at the beginning of your application."
6,s1_q1,1,teach,test_naming,True,"The test file name should follow the convention `test_notifications_spec.py`.   Here's why:  * `test_`: Indicates that this is a test file * `<module>`: Refers to the notifications module, which is wh"
7,s1_q2,1,teach,error_handling,True,"Here's the function: ```python from .app_error import AppError  def raise_notification_failure_on_send(message: str, status_code: int) -> None:     """"""     Raise an exception if sending a notification"
8,s1_q3,1,teach,docstring,True,"Here is an example of a docstring for the function: ```python def send_notification(recipient, message):     """"""     Sends a notification to the specified recipient.      Args:         recipient (str)"
9,s1_q4,1,teach,imports,False,Here is the import section for the new file: ``` import logging from third_party.fastapi import FastAPI from third_party.fastapi import status from third_party.fastapi import headers import os  # Blan
10,s1_q5,1,teach,logging,True,"To log an info message in the notifications module, you can use the `logger` object that is already set up to log messages at different levels (debug, info, warning, error). Here's how you can do it: "
11,s2_q1,2,recall,test_naming,False,"Based on the conventional naming convention used in many Python projects, which is to prefix the test file with ""test_"" followed by the name of the module being tested, I would recommend:  ```bash tes"
12,s2_q2,2,recall,error_handling,False,"**Checking Inventory Levels**  To implement this functionality, we'll create a function called `check_inventory` that takes the current quantity in stock and the required quantity as arguments. If the"
13,s2_q3,2,recall,docstring,True,"**Function Docstring** ```python def update_inventory_stock_levels(inventory_data, updated_quantities):     """"""     Updates the inventory stock levels based on the provided updated quantities.      Ar"
14,s2_q4,2,recall,imports,False,Here's an example of what the import section might look like:  ```python import os import requests  from .inventory import InventoryModule  # assuming it's in the same directory as a relative import `
15,s2_q5,2,recall,logging,False,"To log a warning inside a new function in the inventory module, we'll assume you're using Python and its built-in `logging` module. Here's how you can do it:  **Step 1: Configure logging**  First, ens"
16,s3_q1,3,recall,test_naming,False,The convention is to name the test file `webhooks_test.py`.  This follows the common naming pattern in Python where the suffix `_test` is used to indicate that it's a test file.  Here's an example:  `
17,s3_q2,3,recall,error_handling,False,**Webhook Payload Validator** ===========================  The following Python function validates the structure of a webhook payload. It checks for required keys and their presence in the payload dic
18,s3_q3,3,recall,docstring,True,"Here is an example of a docstring for a function that verifies a webhook signature: ```python def verify_webhook_signature(     request: HttpRequest,      secret_key: str,      expected_signature: byt"
19,s3_q4,3,recall,imports,True,"Based on your request, I would write the following import section in Python: ```python import json import httpx from .webhooks import WebhookClient  # assuming the local module is named webhooks.py ``"
20,s3_q5,3,recall,logging,False,"To log an error in the webhooks module, you can use Python's built-in `logging` module. Here is how you could do it:  Assuming your existing logging configuration is set up as follows (in your main fi"
21,s4_q1,4,recall,test_naming,False,"For a Python project, it's common to follow the naming convention of `test_` prefix followed by the module name.   So, in this case, the test file for `subscriptions.py` would be named:  ```python tes"
22,s4_q2,4,recall,error_handling,False,**Subscription Expiration Error Handler** ======================================  Here's a Python function that raises an error when a subscription is found to be expired: ```python from datetime impo
23,s4_q3,4,recall,docstring,True,"Here's an example of how you can write a docstring for the `renew_subscription` function:  ```python def renew_subscription(subscription_id, new_plan=None):     """"""     Renew a subscription.      Args"
24,s4_q4,4,recall,imports,True,"Here is the import section for a new file:  ```python from datetime import datetime from pydantic import BaseModel from .subscriptions import * ```  In this example, we're importing `datetime` from th"
25,s4_q5,4,recall,logging,False,"To log an info message inside a new function for the subscriptions module, you can use a logging library such as Python's built-in `logging` module. Here's how you can do it:  1. **First, ensure you h"
26,s5_q1,5,recall,test_naming,False,"A good convention is to name the test file after the module being tested, but with a suffix `_tests` or `test_`.   For example:  ```bash # If your module is named invoices.py invoices_tests.py ```  or"
27,s5_q2,5,recall,error_handling,False,**Error Handling Function** ==========================  Here's a Python function that checks if the invoice total is non-negative and raises an error otherwise:  ```python def validate_invoice_total(t
28,s5_q3,5,recall,docstring,True,"Here is the docstring for a function that generates an invoice PDF:  ```python def generate_invoice_pdf(invoice_data, template_path):     """"""     Generate an invoice PDF from provided data and a templ"
29,s5_q4,5,recall,imports,False,"Here is the import section for a new file:  ```python import re from fastapi import * from invoices import * ```  However, if you're using type hints, it's better to import them specifically instead o"
30,s5_q5,5,recall,logging,False,"To log a warning inside a new function for the invoices module, you can use the built-in Python `warnings` module and add an optional argument to specify the logging level.  Firstly, ensure you have i"
